Height(in cm),Weight(in kg),Pace Total,Shooting Total,Dribbling Total
169,67,81,89,94
185,81,80,88,87
185,81,75,91,86
181,70,74,88,87
182,73,97,89,92
175,71,90,89,90
199,96,84,89,90
193,93,87,88,88
187,83,81,92,85
193,92,81,60,72
188,89,68,91,82
175,68,87,83,93
183,78,88,89,86
185,84,63,73,72
188,87,86,90,89
174,69,90,83,88
188,86,87,82,88
177,75,68,72,84
191,91,86,85,89
168,70,72,66,81
187,82,63,39,68
195,94,89,91,80
196,90,90,83,89
173,64,77,78,92
182,74,85,73,85
183,75,79,56,74
185,80,89,84,89
187,85,86,85,90
183,76,53,81,81
172,66,73,76,88
190,85,82,53,67
191,82,58,72,79
188,78,66,69,77
188,82,88,83,88
185,76,69,84,80
192,76,88,80,89
165,60,60,61,91
191,89,85,82,89
180,69,76,69,80
178,64,80,61,81
187,89,82,33,68
189,82,78,82,83
180,74,82,69,87
174,70,61,72,90
185,85,85,87,80
191,94,80,85,77
180,78,79,71,80
170,69,90,80,86
179,67,80,83,90
177,75,80,85,90
183,79,49,54,72
195,90,86,81,87
189,84,84,82,87
179,69,72,86,81
182,74,50,83,80
191,85,61,50,69
179,75,92,77,87
181,68,69,74,81
172,68,79,76,84
174,72,83,83,85
188,80,78,41,69
175,73,88,81,88
197,86,84,82,88
176,73,95,79,90
191,76,68,80,82
195,99,71,48,59
173,75,83,82,87
176,77,82,84,85
180,80,64,80,85
183,83,91,63,78
187,80,87,84,79
170,68,84,70,82
189,76,42,62,79
176,67,82,85,86
191,84,67,80,85
176,78,83,84,86
180,68,54,67,81
172,69,76,74,87
180,77,78,86,83
181,73,89,82,87
184,84,84,78,82
179,74,84,84,79
174,61,79,67,87
171,69,82,78,88
189,89,75,59,69
191,86,78,83,83
184,81,93,72,81
178,73,85,83,85
191,86,85,84,85
183,79,78,81,90
180,71,70,84,85
184,79,77,54,71
184,82,61,69,70
167,68,86,78,85
193,92,80,80,85
169,61,78,82,87
182,86,70,86,78
181,76,68,81,84
183,72,82,81,86
185,77,65,71,80
192,78,84,81,86
178,76,67,80,86
176,80,70,69,88
180,81,76,76,87
173,73,82,54,80
187,80,64,35,58
195,88,85,83,85
191,81,81,49,66
170,68,81,84,88
163,59,84,78,89
191,94,53,59,72
189,78,68,41,69
194,90,61,46,71
197,86,84,82,86
176,65,83,79,82
170,66,81,77,87
173,71,70,64,77
190,85,54,59,71
180,69,79,79,87
175,74,83,80,87
186,80,78,81,82
193,80,63,84,77
187,85,65,46,58
180,70,78,77,82
186,75,75,75,84
175,70,91,81,86
171,67,93,73,87
178,84,83,87,85
188,81,91,77,86
181,75,84,45,74
176,72,56,80,81
181,79,81,73,79
180,73,91,80,87
186,78,86,50,72
182,78,87,74,79
183,80,88,81,85
178,87,81,70,82
190,75,73,35,71
189,82,81,79,84
181,72,83,80,88
181,73,92,75,80
185,77,94,66,85
185,80,71,64,76
180,74,74,81,82
180,76,81,74,89
185,79,86,40,66
183,88,78,76,79
181,79,79,83,83
186,77,79,77,84
183,74,66,62,73
184,74,88,79,82
178,68,76,75,84
190,75,80,85,78
186,79,76,47,67
171,69,78,71,84
178,67,93,77,87
182,76,82,80,83
180,80,58,74,77
189,83,73,78,82
180,72,84,68,79
189,80,80,43,69
189,70,61,79,83
180,73,92,64,78
177,75,88,77,84
175,73,84,82,86
190,89,82,79,85
185,78,90,82,78
187,84,55,73,77
185,79,73,46,65
176,68,91,79,85
180,76,80,77,80
195,88,84,80,88
191,80,73,38,70
189,76,87,82,84
192,91,77,51,61
182,82,58,71,75
189,88,78,82,79
171,70,85,84,87
185,79,71,46,60
171,66,82,78,87
188,82,78,50,65
179,72,90,75,87
180,75,81,77,86
172,60,85,68,81
194,85,56,61,68
189,89,81,78,86
182,80,66,74,78
183,76,65,62,73
192,85,84,77,87
173,67,61,72,85
187,82,83,82,84
176,73,80,82,85
183,74,54,75,83
181,76,74,76,87
188,76,72,51,75
181,65,76,77,83
176,75,70,72,79
175,70,79,67,81
175,73,73,78,85
189,84,82,79,83
177,73,71,80,85
172,66,91,73,86
183,83,85,66,77
192,85,82,81,83
185,75,63,72,78
183,76,82,75,79
179,68,86,83,83
195,94,67,37,61
188,81,68,32,70
186,86,79,78,80
190,80,80,82,83
185,83,67,78,85
180,76,90,80,82
172,66,83,61,80
171,67,78,69,85
172,67,87,65,83
170,71,74,77,87
190,93,81,80,83
191,86,60,59,66
190,82,65,80,74
180,71,64,39,62
195,86,83,81,78
175,70,77,68,86
192,79,83,76,84
183,75,83,83,82
176,72,78,73,86
174,63,93,74,86
186,80,89,82,77
191,86,76,56,72
178,65,84,74,83
179,72,67,76,86
187,81,70,70,78
184,77,84,79,83
183,65,84,66,82
178,74,88,81,82
191,77,83,77,84
180,72,72,78,85
188,80,83,63,73
181,79,76,81,81
188,81,73,81,80
185,80,78,43,64
183,77,79,87,81
180,77,76,60,78
185,84,74,83,82
177,69,87,71,86
185,77,84,77,87
180,71,82,74,83
186,87,57,36,56
174,66,67,66,78
195,102,58,85,77
182,77,71,56,61
190,83,82,82,82
184,78,53,80,78
175,77,70,78,83
190,84,82,80,83
192,93,42,83,73
190,86,62,54,60
181,80,81,68,76
186,81,57,55,67
192,83,78,82,79
178,77,64,55,72
172,68,62,79,88
181,76,61,78,80
190,82,38,41,63
196,94,68,49,62
178,74,78,69,79
176,79,65,75,88
188,76,68,75,76
185,72,67,49,65
180,76,75,37,70
179,85,70,85,80
186,75,91,64,80
182,75,80,82,82
184,81,84,78,86
179,79,89,83,86
180,66,91,79,86
192,88,62,50,64
192,82,80,51,73
192,86,57,72,72
190,86,74,79,81
184,78,85,81,78
180,75,87,59,78
182,80,72,68,79
195,94,85,79,84
191,77,66,66,75
173,66,82,65,86
182,79,72,71,73
175,73,70,81,83
190,75,87,75,82
190,84,82,78,80
194,95,78,34,67
173,69,82,71,80
172,66,76,68,80
178,77,72,60,77
184,75,84,82,84
173,77,76,80,84
186,83,77,80,81
174,64,88,76,84
192,84,70,54,70
186,75,78,77,83
182,74,69,67,81
185,80,82,54,74
183,70,76,73,87
185,77,89,74,81
174,70,73,76,82
184,73,71,61,73
190,84,59,43,61
194,100,48,57,67
181,82,71,61,63
184,79,76,81,77
180,75,82,73,82
178,69,79,54,79
188,83,78,84,72
175,70,77,57,77
172,68,93,66,76
190,77,67,45,59
185,80,51,57,68
186,90,82,43,68
190,85,63,65,72
191,81,82,64,77
187,91,77,48,74
184,78,78,68,81
178,70,84,60,78
186,70,87,82,81
181,71,82,79,82
190,87,68,36,58
177,75,82,79,83
182,78,63,57,59
176,72,67,74,84
194,81,62,47,60
199,76,80,82,83
185,75,67,52,65
185,77,61,83,72
176,78,62,74,82
190,94,79,82,80
185,82,80,84,79
191,89,69,62,67
177,77,77,79,83
170,61,47,71,79
187,79,77,51,61
177,68,71,75,84
179,70,79,78,83
188,77,80,30,69
192,84,83,78,83
187,86,66,82,74
173,66,59,74,78
188,84,80,81,82
172,63,87,78,82
172,69,64,76,83
177,76,71,73,83
173,70,82,73,80
181,78,74,81,79
176,73,73,76,80
172,65,80,56,75
183,75,69,76,82
190,81,84,78,84
180,76,74,75,81
186,86,63,76,73
187,81,63,25,58
173,63,79,82,80
170,64,71,68,81
178,72,66,65,76
183,77,75,76,79
166,60,72,70,80
188,82,75,79,80
172,64,69,74,86
181,81,69,78,79
175,70,93,76,82
171,67,83,77,84
173,67,90,73,88
185,74,73,74,80
186,80,94,78,78
191,93,82,78,86
178,70,76,77,81
188,78,78,80,74
172,70,78,55,82
185,77,68,73,80
180,66,86,77,81
192,77,83,79,83
172,60,89,73,85
174,78,67,70,77
184,76,74,68,83
175,74,61,64,73
196,90,83,77,86
177,75,76,51,77
176,70,83,74,84
171,73,71,65,86
179,80,67,39,58
171,63,80,72,82
182,74,81,75,79
185,68,73,66,77
178,77,92,78,83
183,72,82,50,75
184,76,77,69,78
184,76,75,49,71
177,70,79,57,74
187,73,71,57,69
183,77,70,72,76
184,68,70,54,73
178,72,85,74,80
194,94,77,79,81
184,89,63,62,56
171,64,94,54,83
176,70,89,57,78
193,81,58,37,62
179,77,82,47,77
173,68,83,68,80
178,68,83,57,78
175,76,73,56,75
192,83,61,51,61
193,88,63,74,75
178,76,69,73,83
192,85,78,39,71
187,79,80,76,84
176,75,82,73,81
180,72,87,73,83
182,72,78,71,81
178,69,84,69,78
183,84,82,74,80
195,90,64,45,62
188,76,73,50,65
177,69,83,57,80
171,69,46,71,77
174,70,89,77,85
171,67,80,75,81
184,78,72,67,74
178,68,74,63,77
175,74,70,69,79
185,83,80,79,76
195,80,44,79,76
185,88,76,74,85
188,83,56,63,71
190,84,80,78,78
181,75,76,54,78
185,78,76,69,77
188,90,54,64,65
177,73,90,79,83
175,71,75,76,83
188,85,78,75,83
180,70,78,77,83
190,95,62,51,56
178,76,72,81,79
178,66,69,66,83
181,83,82,81,75
190,83,82,78,82
180,80,76,65,78
182,79,65,49,64
185,78,82,73,84
185,78,66,75,76
189,82,80,81,81
184,83,35,83,78
191,81,31,46,62
183,73,64,77,80
180,70,70,79,81
193,87,80,74,85
192,80,63,81,73
183,80,81,76,82
190,80,53,73,75
175,74,69,71,80
180,76,51,81,82
182,70,71,59,76
176,74,68,68,79
180,72,42,62,79
184,78,82,79,83
181,80,68,71,78
184,74,65,80,78
187,80,59,51,72
179,68,88,68,76
178,68,70,69,85
186,83,82,77,83
175,70,83,57,76
185,78,86,80,81
185,72,82,64,77
186,88,79,78,82
187,71,81,77,76
189,88,86,50,71
189,75,84,75,84
184,80,85,63,77
183,74,59,75,76
175,70,78,77,81
175,73,81,76,82
178,78,86,78,83
172,72,71,74,83
191,82,80,77,82
195,85,73,80,74
180,70,83,81,82
190,80,78,76,81
191,93,80,79,83
180,75,64,71,78
186,82,78,77,78
187,79,35,65,73
186,80,54,73,75
184,75,69,76,79
185,76,70,68,71
181,84,74,80,76
169,62,76,67,81
184,83,80,58,71
192,80,75,73,79
191,91,81,76,83
185,75,66,40,67
170,65,71,70,80
184,76,83,79,84
183,79,72,79,74
195,87,80,76,82
181,71,79,74,77
181,83,78,81,80
189,78,51,72,74
186,81,70,24,52
175,68,72,71,79
185,80,75,77,81
175,67,70,70,74
169,67,85,56,77
180,77,83,79,77
182,77,74,76,78
168,62,72,77,83
175,78,81,46,72
187,69,72,46,72
190,81,80,33,62
186,74,77,79,80
176,71,85,72,83
191,86,49,40,62
190,94,47,49,66
176,69,68,67,76
181,80,55,79,79
190,82,78,76,82
196,89,76,80,76
190,77,77,76,83
178,66,88,77,82
169,65,73,74,86
180,70,83,55,78
174,65,87,61,81
173,68,76,64,83
172,60,77,73,79
185,78,80,36,61
172,64,73,68,83
183,76,82,71,82
172,69,81,78,81
172,70,89,74,84
189,83,58,61,70
194,88,87,79,74
190,76,75,37,64
182,68,76,66,81
181,74,59,64,74
185,73,82,32,58
174,63,73,58,81
180,75,83,78,76
167,59,69,73,82
190,80,80,77,81
186,85,80,82,80
187,73,67,62,80
175,70,83,60,75
180,70,73,76,82
184,80,73,53,74
176,73,83,79,81
186,80,81,75,82
188,88,71,70,72
177,75,67,62,75
175,70,83,52,71
168,65,89,58,77
190,85,79,75,74
172,81,80,80,78
175,64,68,65,80
183,77,78,39,71
195,95,80,76,80
187,81,75,47,66
185,74,80,67,75
186,81,66,55,71
178,67,67,74,79
187,84,78,49,72
183,73,88,77,82
180,69,77,72,82
185,72,61,37,65
185,74,68,72,75
185,85,84,66,74
197,84,60,77,69
189,80,80,75,82
187,80,59,64,77
184,74,67,77,78
178,77,88,78,83
191,86,78,81,71
185,77,70,29,72
188,76,82,75,80
185,82,77,79,81
188,77,50,32,58
179,75,66,78,79
181,74,73,77,76
180,79,68,76,82
186,81,34,63,75
175,73,72,77,76
189,87,80,77,78
187,84,69,78,70
190,74,76,80,77
192,92,76,73,76
176,65,84,53,78
180,73,80,54,74
165,64,60,56,77
173,66,78,77,80
191,86,81,39,63
181,76,66,71,86
180,76,77,62,77
174,67,92,62,82
175,70,71,70,83
175,70,81,76,84
188,84,76,75,83
176,67,67,67,80
185,81,67,36,70
188,85,80,78,82
188,84,74,33,71
182,85,74,78,78
189,77,80,79,81
185,80,68,66,69
189,86,48,78,70
184,73,81,78,80
184,79,86,75,81
188,81,55,45,62
176,70,73,76,83
187,77,72,76,82
186,80,47,57,66
175,70,85,75,83
177,67,76,75,78
177,82,82,64,80
188,85,80,77,80
192,88,44,51,63
190,88,77,78,80
185,82,49,64,69
186,83,78,74,82
181,78,58,78,76
177,63,82,73,83
188,77,79,79,81
172,69,76,80,81
170,69,69,73,81
180,66,81,78,77
185,83,68,67,71
178,73,72,82,78
187,73,54,70,69
188,85,53,74,77
182,71,61,71,78
194,83,38,67,72
191,80,81,77,83
178,82,82,75,77
180,76,65,64,75
179,70,68,80,76
173,67,76,77,79
178,74,81,51,77
186,80,61,82,74
175,69,77,78,82
197,92,73,79,70
178,72,67,38,62
182,75,78,66,74
172,70,71,76,82
189,88,78,74,85
178,86,96,65,86
179,73,70,69,82
185,77,77,71,82
201,98,70,78,70
170,63,74,75,82
171,71,77,76,79
182,78,72,50,65
178,68,69,74,77
170,70,74,54,76
182,70,72,72,81
180,73,83,61,74
186,75,77,72,83
190,83,71,39,50
184,76,67,76,78
190,84,82,75,82
191,82,52,49,62
171,67,82,78,81
178,75,50,73,75
181,76,67,58,72
182,75,63,62,67
178,66,72,72,81
181,79,68,77,83
187,80,72,29,68
187,85,73,82,70
198,73,78,75,82
177,69,84,75,78
175,65,71,72,83
183,76,92,64,73
190,88,75,44,65
173,71,76,80,83
180,77,74,71,78
172,71,87,63,73
181,79,74,62,74
180,73,77,70,73
192,79,75,76,81
178,75,87,71,80
185,75,67,70,78
184,69,80,50,69
184,76,83,39,71
181,77,74,76,76
199,88,79,78,80
178,73,83,59,81
170,72,79,66,71
178,82,85,79,78
187,82,71,39,64
187,79,79,53,78
196,81,81,74,84
180,72,81,67,81
167,63,80,64,79
187,73,84,72,80
175,72,70,72,80
172,62,85,74,81
186,84,63,78,73
179,69,86,73,83
200,93,63,75,73
188,76,79,78,80
167,65,85,76,82
182,76,81,68,82
177,77,82,70,81
179,70,84,73,81
178,79,79,76,81
182,82,73,39,68
184,74,76,71,83
191,85,77,76,81
194,89,81,56,60
180,73,75,72,80
180,69,75,74,80
187,75,67,38,61
193,83,33,42,53
181,81,77,79,75
187,88,67,77,75
181,76,65,63,69
167,66,87,74,76
170,67,74,64,81
170,67,80,53,78
169,66,83,79,79
188,77,49,47,55
185,78,44,42,59
182,77,76,74,79
180,77,72,69,72
178,72,74,72,75
194,91,81,73,79
180,82,61,42,62
175,66,64,60,75
181,75,69,75,80
181,77,79,79,78
185,80,69,79,73
180,70,69,70,79
184,80,77,78,78
192,86,78,75,80
181,79,72,79,78
185,71,82,78,73
175,60,75,77,79
188,84,77,82,79
179,69,87,76,77
189,90,64,79,71
185,78,66,78,74
180,70,83,73,78
182,74,75,70,80
193,78,79,76,79
181,76,79,58,73
194,94,78,79,80
170,65,78,70,77
173,74,85,78,77
188,87,63,66,71
168,67,71,76,82
186,81,77,75,80
174,69,86,76,80
180,75,76,53,70
175,70,59,67,81
185,75,63,60,75
184,75,64,49,70
182,72,85,76,77
183,78,60,42,74
175,70,52,70,76
174,74,73,62,74
178,77,68,65,76
182,75,83,73,75
180,71,78,73,76
189,91,62,79,74
172,70,83,52,78
180,70,84,76,74
185,80,76,58,75
165,62,88,67,80
187,78,69,81,75
188,82,78,73,82
190,85,80,78,80
172,70,71,66,78
193,88,75,71,84
192,82,79,77,77
167,58,72,71,82
185,74,83,78,76
187,85,70,64,74
190,83,79,73,81
192,89,59,39,62
186,79,50,75,68
180,75,68,56,71
175,66,67,68,77
184,82,78,76,80
179,79,81,78,76
174,70,77,77,79
172,67,75,73,81
193,78,58,40,61
170,74,64,73,80
182,78,84,74,81
176,72,85,73,83
195,97,58,36,63
173,66,72,67,73
191,90,73,74,72
186,82,65,60,64
184,78,62,46,69
180,71,59,65,74
198,103,78,78,80
179,70,65,72,78
183,82,63,57,67
181,78,66,72,79
183,83,41,44,65
180,73,78,80,77
190,85,79,42,67
175,75,76,65,75
186,79,58,67,69
165,58,83,64,85
174,70,86,71,79
189,83,70,28,62
171,59,78,69,82
178,71,66,73,78
171,70,83,77,83
179,71,73,65,78
185,82,71,46,65
179,70,75,57,78
178,77,67,64,78
177,68,89,71,78
175,70,82,67,76
181,73,65,63,70
176,66,82,55,75
175,70,88,69,83
184,76,79,60,78
175,73,89,69,83
188,73,64,64,75
168,65,85,71,84
188,84,53,40,62
172,70,78,69,79
186,81,68,45,64
188,87,73,80,74
184,76,69,69,78
178,78,74,49,72
177,72,81,76,80
174,64,76,43,76
192,90,81,77,78
184,73,81,72,76
187,77,65,60,77
192,83,80,74,82
168,62,75,61,84
184,80,75,27,50
170,60,83,72,78
185,80,82,77,77
186,73,79,67,71
169,66,92,56,73
182,79,68,48,54
190,88,58,29,58
176,75,78,71,76
175,72,81,72,80
173,72,83,69,78
189,91,32,52,66
196,77,71,44,66
185,80,71,69,81
170,68,80,75,82
192,85,77,78,78
180,78,72,65,79
176,73,70,71,79
185,73,88,65,72
178,76,74,57,71
185,85,50,54,54
177,75,75,79,75
196,84,78,74,78
186,84,64,39,63
185,80,74,78,76
191,80,42,50,71
173,68,69,69,73
182,81,74,44,72
172,71,56,47,75
178,76,72,72,78
196,80,77,76,76
183,81,50,58,65
182,87,68,65,73
181,75,62,77,72
186,78,76,74,76
178,65,89,72,76
185,79,72,76,76
189,89,37,54,61
175,70,80,74,81
175,68,76,63,77
170,70,81,60,75
182,77,77,77,78
198,87,47,33,63
181,74,64,62,74
184,74,71,68,78
187,76,78,77,73
182,81,69,42,69
194,92,62,36,56
175,70,80,72,79
171,76,95,70,76
179,68,80,57,75
169,71,84,73,80
172,70,79,71,81
173,77,80,75,80
191,79,76,75,77
187,70,80,67,72
179,71,94,73,78
187,79,67,42,57
181,71,79,74,78
181,67,84,58,74
191,86,79,74,82
190,78,52,35,53
187,82,59,38,58
185,76,94,76,80
187,76,69,74,75
184,69,74,62,76
183,77,60,68,78
177,63,81,75,80
178,74,78,73,78
188,80,65,77,78
173,70,90,71,83
175,67,79,71,84
181,66,85,69,78
177,77,78,65,75
189,81,52,57,64
190,81,79,72,81
173,69,64,39,67
188,77,74,82,70
170,69,83,68,80
183,80,78,62,74
175,75,79,64,74
185,80,89,75,79
170,73,68,59,77
196,96,68,75,71
168,69,90,70,81
188,79,79,70,81
183,70,69,47,72
187,81,62,71,76
184,80,71,43,68
195,94,37,54,58
183,75,86,76,81
169,62,80,73,81
180,70,81,75,77
179,69,88,80,75
189,84,70,39,68
183,79,70,78,78
187,88,84,75,74
193,84,63,41,53
179,68,58,68,82
172,71,73,53,75
175,73,74,63,70
178,66,59,54,74
190,86,77,73,80
190,82,57,79,74
192,90,52,50,64
188,92,75,77,76
177,72,69,75,80
186,81,50,49,56
186,86,53,80,70
182,76,68,73,79
182,78,78,74,80
189,82,72,65,68
167,67,67,79,83
178,73,86,74,78
181,78,50,74,75
179,74,42,69,76
182,78,78,64,72
180,74,72,72,75
184,80,40,71,72
175,72,76,79,76
182,76,68,77,80
183,75,75,76,83
196,91,63,77,69
189,83,60,64,69
181,72,38,65,70
190,94,66,81,76
186,76,67,79,70
187,91,70,61,75
187,78,54,48,61
185,80,68,56,63
183,79,62,79,79
175,77,75,76,80
172,69,78,77,75
169,67,61,68,79
192,85,75,73,75
188,72,33,82,67
192,75,84,76,72
175,75,84,52,77
183,85,83,76,70
192,81,74,69,77
176,69,90,60,78
186,89,73,77,73
188,83,78,75,77
171,65,81,69,77
169,65,82,58,77
175,65,77,69,82
188,80,78,61,70
178,65,88,69,82
185,81,70,49,70
176,71,62,70,76
194,89,61,42,63
193,90,70,43,67
176,70,79,69,78
175,62,86,59,81
185,80,79,75,74
176,61,75,71,77
182,70,90,71,82
182,77,72,63,77
191,85,60,50,60
182,80,78,77,79
185,79,78,71,82
183,68,81,48,68
192,84,78,71,74
179,62,90,72,82
194,75,61,47,60
183,70,84,75,78
183,71,90,78,75
185,73,80,52,73
174,70,75,46,72
175,70,65,47,71
184,78,74,50,71
178,74,79,69,80
183,75,72,71,77
173,72,85,66,80
182,76,62,44,68
196,90,58,34,51
190,86,73,39,60
178,74,78,77,73
176,71,82,70,78
190,88,87,33,67
178,86,68,80,75
174,71,85,73,82
178,72,77,72,78
191,85,69,36,55
173,73,57,65,74
181,74,73,63,69
180,76,75,76,76
175,71,76,48,75
184,94,89,76,68
189,75,54,34,66
185,79,71,53,76
187,84,71,80,76
197,85,78,75,80
184,74,67,73,77
190,86,50,28,55
191,70,62,44,65
184,75,67,71,81
165,62,79,62,70
183,71,73,70,79
174,71,79,73,78
177,77,67,72,73
175,68,82,63,77
176,72,58,61,58
179,77,65,65,63
178,75,79,54,73
189,84,59,39,57
178,78,81,63,75
187,85,69,62,69
173,74,90,70,81
187,80,66,33,50
177,74,73,69,78
172,68,85,73,81
181,78,71,78,76
188,84,61,56,66
177,72,69,72,77
173,71,80,74,78
188,84,51,67,67
173,71,84,73,81
184,83,83,51,71
187,81,60,35,61
176,79,74,63,78
188,81,83,71,74
177,77,81,75,78
187,71,74,65,82
188,86,76,76,79
186,79,71,76,72
176,75,74,71,80
187,79,72,39,74
185,82,73,79,77
182,71,88,76,77
183,79,82,44,65
181,68,73,49,74
196,74,79,76,81
187,83,79,75,79
182,77,67,62,65
178,71,77,68,77
190,82,80,39,58
185,79,85,56,72
175,67,86,71,79
184,74,56,44,68
179,76,73,71,80
183,75,75,70,78
184,77,62,70,74
177,70,87,71,77
184,79,67,59,71
183,73,79,72,81
175,71,92,50,75
182,70,76,73,82
173,72,77,72,80
175,72,80,48,73
165,67,86,71,82
184,84,68,78,71
191,88,61,71,77
184,74,66,75,79
191,86,65,76,66
183,80,81,50,72
173,68,72,72,75
191,84,64,47,68
176,72,77,71,80
178,68,87,68,75
190,88,75,73,80
188,77,52,46,60
174,78,83,68,78
186,76,67,40,68
163,69,91,74,77
186,79,63,55,69
169,60,93,75,81
189,88,79,75,75
183,77,76,73,76
191,88,65,68,78
179,82,72,76,76
171,75,78,70,80
177,75,68,67,75
197,92,75,73,78
177,75,69,50,69
182,79,44,62,69
178,65,70,58,72
167,70,75,62,73
181,74,66,51,61
184,84,79,71,75
191,82,76,74,80
187,82,68,75,75
178,72,76,70,80
182,77,77,71,78
190,85,59,75,75
173,67,77,46,71
167,61,91,67,75
183,79,76,78,78
194,90,81,74,72
190,79,69,38,68
180,74,78,62,75
185,77,82,70,75
186,79,45,40,55
193,88,79,73,76
184,78,75,71,76
184,82,60,51,61
182,72,53,71,73
184,82,74,40,59
186,76,68,73,78
178,71,84,75,72
188,84,68,30,58
173,78,73,72,80
175,68,62,72,74
175,73,74,73,79
190,87,71,76,71
169,72,69,75,79
177,73,79,76,78
171,62,70,61,72
187,76,44,61,68
185,72,72,77,76
185,83,69,33,60
178,72,84,71,76
183,74,70,62,73
184,79,62,46,65
185,72,64,37,56
174,71,66,71,73
189,86,77,73,79
172,76,67,67,75
175,70,73,72,77
178,70,77,74,78
190,77,51,41,50
180,79,81,75,78
175,80,86,65,78
183,75,70,77,76
186,88,58,76,72
198,90,74,74,77
177,65,77,59,80
184,73,69,70,80
194,87,71,57,68
191,92,59,77,70
187,78,60,73,76
176,74,74,69,79
189,77,48,22,55
173,70,77,78,76
178,68,68,71,75
183,75,76,74,77
188,83,61,53,58
161,59,79,66,83
181,74,68,64,81
177,79,77,75,72
191,93,77,73,79
176,65,60,59,77
190,88,63,36,52
180,77,95,75,77
190,78,76,73,80
177,83,77,74,74
185,70,68,71,75
180,78,72,55,70
180,62,69,71,79
170,68,72,76,78
174,69,66,37,65
187,84,78,73,81
181,85,54,49,68
186,77,50,36,54
187,73,49,35,58
175,73,56,63,73
196,83,44,78,64
190,75,62,76,72
176,75,77,54,75
183,76,51,71,79
173,72,70,73,80
176,67,83,68,75
182,76,63,67,71
173,67,82,55,75
183,81,49,65,74
183,87,80,77,68
180,80,91,64,74
193,78,76,73,79
175,70,85,73,78
188,75,86,74,76
190,79,57,38,63
195,94,47,33,56
185,77,82,73,77
191,80,74,53,68
188,82,68,56,74
176,72,69,77,75
180,79,84,77,79
188,77,63,56,63
181,71,79,73,77
180,73,50,64,72
193,83,79,75,71
179,78,83,76,76
189,88,61,69,71
176,76,65,53,63
179,77,76,65,76
172,69,72,69,76
174,67,59,75,76
175,66,87,75,77
176,72,92,70,80
184,78,76,76,78
171,64,77,67,78
168,65,87,70,79
176,71,78,51,75
178,67,75,70,81
184,77,45,62,72
167,66,84,70,81
192,88,71,74,73
191,83,62,38,64
184,77,73,33,69
172,66,88,73,79
174,66,75,60,74
172,64,71,78,78
186,79,70,61,75
179,68,76,68,77
179,73,75,66,76
190,82,77,71,79
190,88,76,77,74
192,90,71,77,77
180,71,77,74,78
193,86,68,33,62
186,77,70,42,66
180,77,67,72,81
175,72,84,71,78
192,84,77,74,79
169,63,81,74,79
175,70,91,74,75
172,65,91,72,78
180,78,77,59,71
196,90,77,73,80
176,73,65,73,76
190,83,32,33,62
180,72,83,69,75
181,75,55,60,75
182,78,67,46,75
184,72,75,76,77
178,70,81,77,75
188,82,68,36,60
186,76,75,44,66
175,71,77,45,64
177,76,78,56,68
190,82,76,73,79
180,82,56,73,71
186,84,52,53,59
185,82,77,75,74
182,86,87,68,82
185,77,77,68,77
175,78,80,76,80
183,78,64,56,70
184,81,65,71,73
176,80,72,72,79
186,76,93,58,74
179,72,62,38,68
172,75,82,72,82
191,89,57,50,56
181,70,54,79,67
184,81,69,69,75
178,68,80,70,80
188,72,73,75,77
184,76,78,70,80
177,70,88,71,80
185,74,85,77,75
171,62,85,72,82
173,70,79,48,75
180,75,87,66,78
170,67,80,71,79
174,64,77,52,71
193,78,53,49,63
183,70,82,68,81
175,72,82,72,79
176,69,90,49,75
180,71,76,46,61
183,83,70,43,60
183,77,68,64,73
183,82,78,76,69
174,79,75,79,69
182,71,93,37,64
196,89,50,28,51
180,78,82,73,70
188,78,76,77,76
190,86,67,66,68
190,79,79,57,74
175,61,74,65,79
192,83,73,44,61
190,83,71,76,73
170,61,75,69,79
182,77,85,66,77
185,84,73,31,55
174,64,75,72,82
191,87,64,31,60
191,82,70,29,48
188,86,76,77,80
185,79,77,58,74
187,74,78,67,75
180,70,77,39,70
181,70,71,43,72
178,75,79,74,79
180,71,84,68,81
171,62,84,66,79
190,82,66,74,74
187,79,63,48,70
181,79,84,75,79
170,66,84,72,77
177,69,67,64,75
178,67,66,61,72
185,75,68,68,80
180,73,68,57,76
180,70,77,44,76
182,84,68,68,69
184,76,82,75,75
178,72,84,54,75
183,70,70,65,79
194,82,66,39,50
174,81,83,75,79
175,79,81,75,77
194,96,77,73,81
194,88,74,67,69
187,77,58,60,69
187,82,46,78,77
191,75,68,31,69
179,74,74,78,74
163,70,83,69,80
181,73,77,72,81
174,68,88,55,77
177,70,76,74,78
179,69,50,63,72
174,68,70,75,78
173,74,80,52,73
182,78,50,59,66
193,88,46,20,55
182,76,72,71,74
196,91,72,76,77
180,73,69,73,75
178,75,71,67,76
190,84,55,40,63
180,70,72,71,76
179,72,56,63,70
173,69,74,77,73
175,70,92,70,74
188,77,53,63,73
190,79,59,38,54
183,80,80,62,71
172,73,69,66,76
189,70,74,75,76
190,90,73,69,75
170,72,85,71,79
170,72,63,71,82
186,84,66,77,72
181,75,64,62,69
178,63,33,64,77
187,80,78,50,57
184,73,73,43,70
183,86,75,70,79
186,83,68,39,67
158,56,68,71,78
192,83,58,78,67
184,72,70,56,66
187,83,40,35,55
175,70,78,77,79
177,77,65,65,76
187,75,76,71,78
177,89,68,79,74
201,93,76,72,81
178,79,50,75,70
180,79,61,80,78
177,72,51,77,74
186,84,72,67,73
188,74,75,73,79
187,92,63,33,57
186,75,55,49,61
170,63,49,71,79
186,90,62,75,70
180,79,44,70,76
194,86,50,75,68
180,72,84,70,74
188,82,78,71,77
188,83,41,35,53
188,83,69,58,64
176,71,67,74,77
182,80,71,71,73
175,68,76,54,73
176,82,75,72,76
169,65,73,61,73
186,83,77,69,81
180,75,75,56,69
174,68,67,72,75
170,66,80,65,78
188,77,84,69,73
182,75,61,50,70
189,77,69,74,74
180,75,72,68,75
188,77,68,59,65
178,68,64,73,75
181,71,83,47,74
179,70,70,64,72
194,81,76,71,76
191,83,75,45,56
185,85,75,73,76
191,87,65,31,54
185,70,69,52,72
181,79,62,47,68
192,87,75,69,79
178,79,69,78,76
188,74,78,72,76
175,72,76,74,75
175,71,75,70,74
170,65,77,71,77
191,77,59,45,59
180,75,78,69,76
178,72,79,51,71
175,70,84,49,72
173,70,76,67,76
177,75,93,76,78
178,72,50,63,65
188,83,48,31,53
186,85,77,74,78
192,88,45,38,49
193,91,64,76,63
193,89,67,39,59
182,80,76,74,74
190,78,50,46,58
174,61,80,61,75
177,73,71,46,73
164,64,88,67,78
174,75,64,64,71
174,68,77,72,78
178,75,85,73,75
164,60,79,67,81
183,77,91,72,75
186,95,65,39,56
175,72,77,55,73
185,73,63,50,64
163,62,87,44,76
185,85,93,73,75
170,58,59,54,78
173,77,91,65,80
167,69,89,49,76
175,68,76,54,73
191,84,65,32,55
191,81,74,32,66
176,75,80,56,66
180,72,75,74,78
186,76,71,70,75
172,66,74,70,77
179,71,68,75,72
179,74,77,72,79
189,86,62,65,71
193,81,71,30,61
175,72,77,55,73
176,82,75,72,76
181,78,74,69,75
181,71,88,72,76
178,66,81,71,76
177,75,93,76,78
178,71,80,66,81
167,63,83,68,81
190,82,81,42,63
175,76,82,70,81
181,70,81,62,74
189,84,75,74,76
177,68,75,42,71
175,61,88,65,79
192,84,53,36,60
189,82,87,71,80
176,73,68,73,75
191,83,75,45,56
169,56,65,64,80
187,76,68,36,64
182,74,80,69,75
171,75,81,73,76
174,78,93,73,74
186,78,66,70,75
184,71,89,43,74
192,87,74,71,76
179,73,81,72,80
186,75,57,25,51
193,81,62,73,72
196,84,76,65,78
182,66,87,70,78
189,95,64,75,70
177,73,71,71,76
174,68,67,72,75
182,69,74,76,71
169,65,73,61,73
190,82,59,66,73
195,88,75,74,75
191,78,49,32,56
184,78,70,43,65
170,63,87,75,73
185,78,75,75,78
182,83,77,74,77
189,86,62,65,71
190,87,60,44,61
178,80,64,54,82
178,75,80,69,78
184,77,58,67,75
175,73,77,69,77
181,74,68,78,76
187,74,74,73,77
169,67,62,58,69
170,69,71,70,76
191,77,67,74,70
182,75,59,34,55
185,74,79,75,71
189,82,75,29,45
178,69,72,70,76
182,67,79,67,80
180,75,75,72,77
189,82,87,71,80
176,72,69,76,77
191,93,35,53,41
178,73,75,72,77
174,66,83,55,76
177,71,79,48,73
182,75,67,52,65
191,79,66,64,66
182,77,64,54,70
180,71,37,72,71
169,68,66,43,69
188,74,74,45,67
172,70,78,62,76
186,83,49,77,66
185,74,48,64,76
183,79,74,72,75
176,72,67,63,70
182,81,73,44,65
187,72,47,72,70
171,67,84,72,79
185,83,63,53,66
186,83,72,56,72
168,61,75,69,78
193,81,71,30,61
182,77,65,56,68
175,72,69,57,70
186,79,57,76,73
188,79,70,76,69
173,70,78,68,73
183,78,76,63,71
190,82,81,42,63
187,82,73,74,75
184,86,33,80,67
186,78,66,70,75
172,67,80,58,75
168,65,82,64,77
174,59,91,72,78
182,70,75,51,72
193,90,62,60,70
191,78,49,32,56
189,93,75,72,76
190,88,77,76,73
199,101,75,77,71
187,83,64,36,64
169,67,77,66,78
185,75,68,72,74
184,75,59,68,70
183,74,71,65,75
185,76,69,52,67
180,71,63,58,76
178,70,61,47,75
183,77,91,72,75
181,70,72,42,70
178,70,76,70,76
168,65,82,64,77
178,70,82,65,77
183,70,75,62,73
188,72,74,77,71
187,81,77,74,78
186,78,69,75,72
176,73,82,75,73
185,78,71,43,64
173,67,53,53,79
172,70,78,62,76
182,75,67,52,65
185,72,78,70,75
170,65,77,71,77
181,77,53,70,73
188,97,74,75,78
187,84,69,76,72
176,74,86,74,76
177,71,79,48,73
166,68,88,59,77
175,70,84,49,72
179,71,76,72,77
178,66,52,67,72
177,62,80,66,80
198,89,76,74,75
177,74,81,76,75
191,79,66,64,66
188,76,70,76,73
193,80,86,48,62
182,76,79,54,66
184,78,75,62,71
175,66,88,67,79
173,75,80,73,79
177,80,85,68,81
190,76,82,74,75
183,67,88,74,76
182,78,78,48,69
177,70,66,64,75
185,87,85,53,71
175,72,85,58,72
194,79,67,37,61
191,79,49,33,49
179,68,89,69,79
166,61,84,70,83
180,75,75,56,69
174,59,91,72,78
190,85,79,32,57
181,73,78,50,70
182,80,76,74,74
178,69,72,70,76
183,73,66,58,78
182,81,73,44,65
188,75,84,73,74
188,86,66,63,72
188,74,65,34,61
176,70,73,55,73
190,82,78,29,67
171,69,86,72,83
191,75,76,74,75
175,70,93,69,80
179,70,72,61,76
173,75,74,69,75
174,66,83,55,76
173,65,76,52,74
176,73,83,67,75
181,75,59,63,73
171,68,81,68,77
191,87,65,31,54
185,82,77,73,74
180,78,87,70,77
185,78,72,40,53
179,66,86,62,75
180,73,87,62,77
173,68,86,64,74
179,70,73,62,72
175,70,79,73,77
173,71,84,70,77
179,74,86,49,70
176,75,84,68,79
177,73,70,59,72
178,64,83,72,79
181,71,83,47,74
188,85,76,75,77
185,73,83,75,74
173,66,86,69,77
174,67,78,74,81
187,77,74,72,71
177,84,58,68,70
168,66,73,52,70
188,82,76,70,75
177,73,70,49,65
177,74,74,71,76
177,75,70,53,72
184,77,82,51,71
176,73,77,59,69
178,75,70,57,74
185,83,63,53,66
185,85,70,54,64
190,88,77,76,73
169,68,66,43,69
177,73,71,46,73
174,75,64,64,71
191,88,64,40,52
186,70,65,72,75
180,70,65,64,75
182,75,81,51,70
178,68,64,73,75
193,92,51,57,64
183,73,65,71,73
186,83,77,69,81
173,63,74,63,77
189,86,64,46,65
183,77,73,61,72
166,60,78,73,74
173,72,66,53,66
173,70,85,57,73
175,70,68,56,71
195,96,64,62,72
175,72,76,74,75
182,71,80,68,79
181,76,85,73,74
169,67,77,66,78
190,80,68,35,54
194,86,53,42,62
184,82,73,74,75
189,80,62,48,65
191,85,69,50,65
181,76,85,73,74
180,80,77,76,73
179,74,77,72,79
195,85,76,70,76
186,85,77,74,78
183,75,68,61,71
196,80,72,31,58
185,85,70,54,64
185,75,74,64,78
178,78,73,64,74
183,82,65,74,71
187,81,61,32,64
188,76,70,76,73
178,74,63,52,57
172,67,71,61,75
189,82,72,51,64
193,88,74,72,79
183,75,55,65,75
180,71,84,73,76
187,77,74,72,71
175,71,75,70,74
182,69,74,76,71
175,70,79,73,77
189,85,61,48,71
180,67,74,62,79
190,85,79,32,57
182,76,79,54,66
196,84,76,65,78
183,73,76,60,76
173,77,91,65,80
187,76,68,36,64
181,84,64,43,69
174,61,80,61,75
186,95,65,39,56
178,79,69,78,76
186,71,64,60,69
182,83,77,74,77
187,78,55,61,69
177,74,87,74,74
185,82,77,73,74
180,76,79,76,77
175,70,75,69,71
170,70,73,71,74
183,77,72,76,72
184,79,67,42,64
185,78,71,43,64
180,72,75,74,78
178,70,74,46,63
193,79,74,72,80
173,63,74,63,77
170,71,69,68,81
178,78,75,74,75
188,81,76,72,74
186,78,69,75,72
192,85,77,48,70
179,73,81,72,80
191,79,59,70,70
179,74,73,73,74
178,69,85,73,71
178,70,77,72,75
176,70,79,54,76
190,87,60,44,61
187,82,53,47,52
174,69,76,74,74
172,71,73,68,77
185,75,68,72,74
195,88,75,74,75
180,71,76,76,73
175,76,78,54,69
182,81,74,73,77
192,90,75,75,78
178,72,77,77,73
174,78,93,73,74
177,67,72,57,71
175,79,81,62,74
194,79,67,37,61
185,76,44,42,58
191,88,75,73,76
193,84,33,37,47
188,84,53,40,59
173,79,85,78,78
166,68,88,59,77
169,56,65,64,80
171,71,72,69,75
173,63,78,71,80
180,81,37,63,70
186,73,64,64,71
176,75,80,56,66
186,84,58,73,76
171,74,65,67,76
186,70,65,72,75
183,76,80,68,78
170,65,88,75,76
193,80,86,48,62
170,69,75,69,74
183,85,73,62,70
190,80,53,64,65
181,75,59,63,73
178,75,70,57,74
173,72,66,53,66
182,83,77,73,76
178,70,82,65,77
184,79,71,34,55
175,68,85,75,79
175,68,75,73,77
184,76,81,73,76
188,90,70,78,75
178,73,78,70,78
183,78,57,74,77
181,74,54,45,60
175,66,88,67,79
173,66,73,63,74
165,68,91,69,78
177,73,69,73,79
193,92,51,57,64
180,70,65,64,75
188,85,76,75,77
180,70,76,72,80
185,73,83,75,74
189,83,61,76,70
188,84,51,67,75
170,65,69,49,72
173,66,86,69,77
185,78,52,57,71
190,80,68,35,54
174,69,76,74,74
180,82,77,60,73
174,68,79,75,77
163,62,87,44,76
184,80,70,74,71
182,66,87,70,78
170,66,90,40,74
186,75,57,25,51
178,70,76,70,76
178,71,80,66,81
186,89,48,79,72
192,87,74,71,76
190,88,75,50,67
180,69,67,65,74
181,76,57,60,72
180,70,81,62,70
184,78,70,43,65
191,88,64,40,52
186,76,71,70,75
183,79,55,64,68
179,68,89,69,79
177,71,78,62,74
184,71,89,43,74
172,66,74,70,77
178,76,77,75,76
179,74,86,49,70
185,78,72,40,53
168,70,83,66,81
178,72,77,77,73
188,84,53,40,59
187,81,76,57,72
186,73,64,64,71
172,70,80,66,77
183,76,80,68,78
193,90,62,60,70
184,76,81,73,76
189,77,69,74,74
189,82,72,51,64
173,68,86,64,74
180,67,74,62,79
193,89,67,39,59
188,74,74,45,67
178,72,66,73,75
178,73,78,70,78
178,79,72,75,74
182,71,80,68,79
176,73,82,75,73
189,76,58,79,77
173,75,74,69,75
188,97,74,75,78
189,95,64,75,70
195,96,64,62,72
177,73,70,59,72
170,68,56,62,75
169,63,83,67,80
187,88,78,73,81
176,73,83,67,75
174,74,75,75,76
193,85,77,72,77
181,76,69,63,73
193,86,38,33,57
175,67,69,60,72
175,73,71,73,75
174,72,86,72,80
187,81,53,32,49
176,75,82,72,74
187,77,83,72,78
177,65,79,66,79
188,83,60,38,57
188,81,51,35,59
178,73,85,69,74
191,83,75,72,78
174,70,91,67,76
173,64,81,73,74
174,74,72,57,69
182,79,47,78,67
180,69,75,63,77
180,80,85,62,75
193,81,75,73,74
183,74,59,66,67
169,61,69,69,72
174,71,88,47,68
184,75,40,60,68
190,86,75,72,75
178,74,78,73,74
179,75,61,67,69
196,81,73,76,76
188,77,74,63,68
175,67,73,69,73
170,68,77,71,76
188,91,71,73,73
175,72,75,63,78
186,81,76,71,78
188,78,64,66,70
176,74,75,71,78
181,77,64,67,73
184,79,74,69,74
188,90,74,74,68
180,74,78,72,77
191,79,75,72,77
192,85,39,44,51
180,73,84,62,75
189,80,80,59,68
172,71,85,66,78
167,65,84,66,77
189,80,79,72,74
184,75,71,70,79
185,75,74,71,76
176,70,77,66,77
184,79,68,69,72
190,79,74,71,73
177,68,88,70,79
187,91,53,37,55
184,78,71,40,63
183,71,64,42,68
175,62,65,61,70
188,78,68,70,72
173,72,81,55,74
180,74,75,73,76
175,77,85,74,73
185,81,78,77,72
175,70,88,48,72
170,66,69,65,75
185,80,69,74,70
178,62,58,51,64
182,79,71,45,72
178,66,59,67,71
171,68,70,70,75
181,66,79,67,78
175,69,91,69,76
175,70,87,70,75
180,75,74,74,75
181,74,77,63,75
185,77,78,68,77
172,69,84,75,75
175,74,78,71,80
184,82,83,60,73
180,69,74,72,74
182,87,68,44,67
186,79,75,71,76
182,74,76,48,69
174,61,74,57,74
180,78,66,60,70
179,85,68,53,72
171,71,80,69,78
186,80,47,70,66
172,68,69,75,74
175,70,83,59,76
167,63,86,64,78
173,72,90,71,77
179,76,76,52,71
191,86,64,74,63
183,70,87,47,73
187,80,73,34,66
178,68,82,53,72
186,78,59,38,61
191,86,67,73,71
177,73,74,56,69
186,80,61,63,71
175,73,82,70,78
196,88,64,50,56
171,76,67,79,62
176,73,74,75,76
193,88,64,34,52
172,67,79,68,79
177,70,84,72,75
185,80,76,69,74
182,67,72,59,69
171,66,72,44,68
185,72,76,39,71
179,72,78,72,78
188,83,58,59,69
181,74,54,57,77
182,90,73,71,75
168,58,76,64,80
177,80,82,76,78
178,69,63,57,71
178,72,80,75,71
188,86,73,72,75
178,69,73,66,73
173,75,83,48,70
183,92,74,26,63
183,77,77,46,64
191,87,78,37,50
172,64,74,46,74
170,60,82,67,79
172,68,80,63,76
185,75,50,42,67
171,65,73,66,76
172,68,71,70,78
187,87,73,56,68
180,85,65,59,70
191,93,65,74,70
178,73,49,70,71
175,64,80,71,79
188,78,87,32,68
185,80,59,42,55
178,75,88,66,75
179,74,66,59,71
175,68,61,69,76
178,75,78,73,74
183,80,77,49,66
190,73,64,45,55
174,60,83,66,76
171,69,80,42,75
178,76,76,73,76
180,76,74,76,71
193,88,66,34,53
183,81,69,32,55
190,80,74,38,63
180,74,91,36,69
167,68,84,67,76
185,76,88,71,74
182,90,78,72,69
175,72,73,69,74
174,70,64,69,75
180,71,75,47,68
184,80,69,40,57
188,91,70,74,69
188,82,64,61,73
174,73,76,70,78
192,79,32,41,58
180,85,74,69,77
176,67,70,49,70
185,77,94,67,73
181,70,83,68,75
191,83,33,44,60
193,79,71,73,74
181,67,91,67,77
179,68,92,45,72
191,84,41,63,66
188,83,74,71,76
183,76,67,74,70
186,80,76,69,79
186,80,72,75,66
183,77,63,71,72
177,68,55,49,70
185,88,79,73,75
180,69,76,38,67
183,77,53,75,70
172,63,78,72,73
180,75,82,67,75
183,77,67,45,66
195,74,61,45,59
182,80,51,42,57
187,79,60,65,70
190,83,82,77,72
187,86,68,75,73
183,82,65,71,72
185,73,71,74,75
176,75,85,73,74
167,73,60,54,75
186,79,45,58,70
187,79,62,74,72
179,68,65,48,70
183,76,79,69,80
163,63,77,73,75
189,83,82,37,58
180,68,67,62,72
186,80,60,65,73
185,70,83,71,74
170,62,77,56,74
186,77,68,51,63
179,81,73,72,73
185,66,86,71,75
182,77,69,65,70
181,83,85,46,67
186,82,58,74,73
182,74,75,46,64
195,93,75,70,75
175,74,73,49,72
188,78,56,50,51
186,71,67,76,74
186,77,48,74,77
179,80,58,50,53
182,79,60,56,69
184,76,70,74,71
187,82,69,70,78
185,85,59,50,59
183,71,77,72,76
186,79,75,73,74
183,81,67,33,65
181,78,64,59,63
186,78,74,73,71
180,79,75,61,73
176,69,78,68,76
188,88,80,70,73
176,73,64,63,75
183,77,76,30,51
170,68,88,68,76
190,86,56,42,64
187,67,74,72,75
172,68,79,50,74
171,69,63,65,72
177,70,73,67,76
178,74,75,67,76
187,81,67,75,72
180,72,52,51,70
178,65,61,64,76
191,88,74,70,78
180,65,61,65,72
184,79,52,65,61
183,74,73,73,74
186,75,74,71,75
177,72,63,45,63
180,79,49,69,71
184,76,69,30,51
174,74,90,40,71
175,69,67,59,73
198,90,76,74,71
180,72,71,66,76
197,92,70,75,72
180,76,80,75,73
181,78,62,52,61
183,75,57,54,75
177,74,66,70,76
177,67,84,70,74
185,74,62,55,72
180,72,76,61,70
195,90,63,44,56
186,77,76,45,57
189,84,31,34,53
180,75,50,49,69
177,79,77,73,77
174,72,81,67,80
176,69,89,72,73
185,75,64,46,61
195,85,34,40,54
176,75,71,47,68
175,68,82,73,77
184,80,46,76,76
185,85,44,37,48
175,71,78,74,75
177,77,82,34,64
178,75,76,63,76
191,87,72,42,68
196,90,76,74,77
180,75,79,45,69
192,89,67,35,61
183,78,68,64,75
181,77,52,73,72
189,79,67,63,72
174,75,73,68,72
175,72,65,69,77
176,66,81,66,78
175,62,71,69,76
186,86,54,73,69
189,75,76,72,78
180,78,78,48,67
184,84,93,70,71
175,73,68,66,73
182,77,67,67,75
172,71,76,63,70
179,77,35,66,67
188,87,78,27,55
190,81,50,38,63
189,87,61,35,61
175,65,67,65,76
186,85,75,56,64
184,83,36,37,52
178,71,82,69,77
186,83,65,44,52
186,80,67,36,54
185,85,71,73,76
194,93,53,40,35
175,67,76,67,78
179,70,68,54,74
183,71,70,56,72
183,72,77,42,71
187,86,75,73,77
193,76,34,47,48
175,74,83,67,77
169,67,82,69,76
175,73,69,62,73
192,90,75,75,74
185,76,68,30,61
176,68,77,70,75
178,71,58,67,74
180,76,66,75,70
180,88,81,72,68
173,72,56,47,69
185,77,55,48,66
192,78,60,38,53
187,78,69,51,71
179,79,67,64,76
178,71,78,73,79
182,74,40,68,69
186,67,87,63,74
178,78,36,74,75
183,83,78,72,74
184,88,73,73,74
166,56,78,63,76
188,75,66,65,69
178,71,81,71,76
168,56,77,70,77
183,75,83,69,77
187,82,72,70,76
171,70,73,68,76
182,78,68,56,66
193,83,73,72,77
174,69,78,72,77
188,78,78,68,79
173,67,79,65,80
178,74,52,74,70
180,79,82,61,72
181,73,64,72,73
188,84,63,50,59
175,75,81,75,77
190,78,79,72,75
187,86,59,47,61
185,78,59,32,55
183,86,70,63,75
185,84,65,76,73
183,75,85,52,73
178,74,73,65,74
175,64,84,64,73
178,76,69,45,72
187,82,67,42,67
182,74,66,74,74
176,72,70,77,74
179,72,70,60,72
183,76,89,48,71
188,83,54,52,66
190,80,60,74,71
175,71,74,60,77
190,88,76,44,60
180,74,86,64,73
176,76,78,67,73
180,72,72,53,67
181,81,72,42,69
179,77,82,68,75
185,79,75,42,66
178,76,71,61,72
190,80,50,32,57
174,72,78,57,75
187,80,66,47,66
186,83,73,33,51
175,72,76,54,72
195,89,51,74,63
184,78,68,74,71
181,76,66,56,71
179,70,63,64,77
185,77,71,70,73
192,91,70,37,54
185,76,83,44,69
188,84,52,77,65
190,89,68,71,77
185,79,65,65,71
175,74,94,59,78
181,76,88,69,74
178,78,71,59,68
180,80,76,73,74
170,60,85,74,78
189,82,50,28,50
185,78,70,74,69
177,74,69,67,76
188,75,62,73,70
175,71,60,63,77
178,75,68,73,74
179,76,84,65,75
186,74,69,69,73
178,77,75,62,74
185,75,74,71,76
182,72,62,67,72
193,97,68,26,63
184,83,65,58,70
195,76,74,59,71
178,72,74,55,71
183,81,80,58,72
176,70,73,61,70
178,72,75,41,69
184,74,73,71,74
180,88,72,70,75
189,86,58,43,61
174,76,67,70,76
179,73,80,69,73
182,76,58,55,70
188,86,89,73,70
179,81,76,71,75
185,80,30,79,67
178,76,53,57,66
174,60,87,71,79
188,83,62,36,55
188,83,75,69,75
183,77,67,51,68
181,68,77,63,70
185,75,81,36,68
190,82,83,72,71
185,73,78,52,71
192,81,83,43,67
180,71,77,61,74
190,90,57,25,45
168,70,69,47,69
178,74,84,71,76
189,75,46,67,69
178,72,76,65,78
173,70,67,71,75
177,73,81,74,77
184,74,82,73,76
180,73,75,33,71
184,73,60,75,71
182,65,83,73,75
179,73,73,49,68
191,78,52,43,60
191,80,82,73,69
190,83,50,74,68
187,80,47,60,66
189,82,81,66,72
180,71,83,50,72
190,80,51,34,55
173,72,77,45,71
179,71,83,68,73
186,81,66,36,58
172,67,89,70,74
167,72,74,74,75
177,68,69,54,74
181,73,69,74,71
188,77,34,49,57
178,70,82,65,74
184,83,53,57,59
178,70,66,68,75
185,84,70,73,66
178,76,82,72,71
188,78,75,71,74
183,75,68,58,69
190,92,70,67,75
188,88,74,72,75
191,76,55,30,53
183,78,59,75,71
183,72,73,64,73
181,78,68,51,68
190,82,66,36,54
176,72,74,70,76
175,65,81,66,75
177,73,65,54,64
170,70,63,71,72
175,66,85,63,74
169,66,82,70,77
183,77,72,58,72
165,67,83,72,73
181,78,62,60,71
185,74,66,75,68
180,70,57,46,66
190,75,60,37,52
190,80,53,43,63
178,76,68,75,77
189,79,71,42,70
173,70,36,63,74
185,68,75,75,73
175,66,78,68,75
183,72,62,62,68
181,64,73,43,68
185,82,44,29,49
183,77,71,72,73
175,69,86,71,74
175,71,66,50,67
192,79,82,75,74
182,63,79,56,72
174,64,76,56,68
183,78,65,49,69
185,71,75,70,75
178,72,73,62,77
185,88,73,72,71
181,82,72,73,73
183,78,61,53,64
192,86,64,62,68
189,79,71,34,59
181,70,69,73,74
179,68,71,39,65
188,80,43,53,63
175,71,86,64,77
170,68,77,48,72
193,85,61,40,56
179,77,72,50,60
181,73,76,45,64
178,71,85,65,71
188,84,83,35,67
183,79,55,36,59
169,68,70,77,74
194,88,71,56,62
174,70,68,70,73
187,80,49,36,54
183,79,66,75,69
178,72,81,69,72
181,75,69,71,78
188,77,65,69,72
190,87,82,25,51
177,72,74,49,68
196,88,72,73,75
184,87,35,45,49
186,82,50,75,61
164,63,87,68,74
187,82,70,28,63
185,78,76,67,77
188,83,49,60,71
182,77,79,69,71
186,80,67,63,69
188,82,74,70,75
179,68,74,62,73
188,81,70,69,74
169,70,82,64,76
174,64,81,69,78
193,80,64,73,70
190,88,78,74,73
179,73,71,74,73
176,71,69,49,59
188,78,73,71,74
190,84,52,30,51
177,75,66,66,73
180,68,74,52,68
175,67,56,68,73
177,71,82,70,75
187,83,55,55,62
172,76,60,72,75
177,72,71,65,62
174,68,73,69,73
186,78,70,31,67
187,85,52,35,56
190,79,54,76,67
177,74,82,72,70
185,74,66,39,63
195,85,75,72,74
188,83,73,77,66
175,69,48,66,67
195,81,45,33,56
178,75,64,76,67
192,92,55,50,61
184,86,82,71,77
185,83,73,40,66
171,71,72,68,76
191,85,62,37,64
182,70,76,69,74
196,95,73,68,75
178,70,68,61,74
188,86,58,74,68
197,85,75,69,70
182,75,66,60,68
175,68,83,68,74
189,75,73,70,78
182,76,74,73,71
186,80,64,77,74
174,70,41,59,67
168,68,76,64,71
171,76,56,50,68
177,70,79,66,75
183,83,74,66,75
185,82,85,70,68
173,68,70,71,76
192,80,39,41,50
185,77,71,74,69
195,86,54,40,52
181,78,67,70,73
180,74,48,76,72
186,72,43,41,51
170,70,86,71,75
185,81,73,49,54
181,70,72,71,74
178,69,52,65,71
169,60,87,65,83
171,64,75,56,71
187,80,55,61,72
184,71,63,38,70
179,72,63,69,75
181,77,53,56,65
188,80,75,71,76
176,70,42,47,71
172,67,82,67,76
178,78,75,67,77
173,63,69,62,75
180,77,59,69,73
193,90,76,72,67
171,73,77,67,72
184,77,65,73,74
185,89,70,48,67
189,82,72,74,73
193,85,62,73,65
189,79,66,53,58
172,69,70,71,73
175,67,72,57,76
192,92,72,69,74
184,78,73,73,74
191,76,51,36,63
175,72,69,69,74
180,79,83,69,77
180,85,69,74,68
178,67,83,68,76
170,72,65,69,74
172,65,83,66,79
173,68,79,60,72
186,72,67,74,70
188,78,73,69,74
191,83,72,70,74
183,79,73,60,67
193,95,40,38,50
183,79,69,69,73
190,76,72,40,68
184,75,67,50,70
175,77,72,75,79
174,64,71,65,76
175,69,72,40,65
191,82,73,69,76
175,66,69,70,75
189,81,64,56,60
175,73,80,65,73
179,71,69,60,72
187,82,73,75,65
181,77,85,72,74
175,70,72,59,69
180,74,77,69,71
171,70,70,65,72
177,73,71,62,77
183,92,47,75,73
172,74,68,47,71
181,70,77,62,74
179,76,35,65,74
177,76,72,67,69
182,69,84,58,72
168,69,91,65,76
177,70,67,67,75
184,75,76,70,70
180,74,66,40,61
186,78,44,74,72
190,86,67,60,66
183,69,59,63,72
183,63,69,59,69
180,75,56,68,73
183,79,66,56,72
167,66,88,66,76
190,78,45,46,65
168,57,84,65,77
193,89,69,74,75
185,73,73,69,73
183,77,84,56,69
191,78,54,74,69
190,89,73,72,75
175,73,71,72,74
188,75,54,71,69
188,72,77,66,73
173,75,76,63,68
177,78,74,74,74
174,71,65,61,71
178,68,51,59,69
185,82,60,64,64
185,71,37,50,55
185,81,63,38,57
192,86,69,46,63
180,79,73,40,64
181,70,62,51,70
179,77,62,37,61
191,84,69,50,61
176,73,47,69,72
175,73,58,74,73
178,71,81,70,73
188,80,31,75,72
190,79,74,71,69
188,82,60,37,56
177,73,66,40,73
182,78,75,68,79
171,72,74,73,76
183,77,68,65,74
174,73,80,63,78
196,90,73,73,63
193,75,78,41,63
185,76,58,46,61
173,68,65,69,75
179,72,81,70,76
190,87,82,68,67
179,71,63,70,73
179,75,72,71,76
182,81,71,69,75
181,73,72,48,69
169,70,75,62,74
177,73,80,58,71
177,66,90,70,78
186,81,68,75,74
179,70,62,59,71
181,73,65,70,75
190,99,73,68,75
185,81,73,31,68
183,74,75,72,71
192,94,70,72,61
180,80,81,70,74
172,63,71,67,79
191,80,85,34,65
180,76,81,71,76
182,70,86,73,72
176,72,79,67,74
175,71,64,56,61
181,72,60,70,74
184,89,75,71,68
176,65,72,43,73
173,65,81,58,77
179,82,81,73,73
185,71,63,56,62
184,82,54,55,58
177,75,74,71,74
188,80,74,67,78
178,64,63,45,66
174,68,71,70,75
168,65,72,68,79
180,75,85,69,72
185,73,77,73,74
182,80,60,69,75
180,77,69,37,66
182,75,74,72,74
183,79,40,69,69
180,79,65,59,68
188,70,72,75,74
179,76,76,70,75
170,69,83,69,75
174,70,69,64,72
183,82,71,74,71
188,78,70,30,60
191,89,57,33,62
178,75,68,64,73
182,75,68,75,75
180,77,74,70,76
176,71,85,55,73
170,68,75,67,79
186,78,73,72,75
193,86,61,52,52
193,80,69,73,72
178,72,90,67,73
196,84,44,34,50
183,78,63,65,77
177,76,82,41,69
184,83,71,73,62
190,77,65,59,64
194,92,72,73,75
188,81,74,69,75
180,77,75,61,70
171,67,74,45,70
175,66,92,70,74
181,76,62,70,75
188,85,71,73,73
178,69,78,55,73
183,82,78,72,67
183,80,74,69,77
168,64,72,65,80
202,90,73,71,73
182,74,86,42,69
181,70,76,63,74
169,60,77,66,79
192,78,72,71,75
176,69,76,68,76
177,77,77,73,75
175,68,77,58,73
184,76,74,58,72
185,81,61,34,47
168,62,71,71,76
178,62,73,55,70
169,69,75,65,70
183,78,66,74,77
181,76,79,35,61
175,74,72,67,71
178,69,76,72,74
188,85,74,69,76
183,78,71,72,75
183,82,62,40,67
173,70,81,41,67
182,71,73,53,72
178,73,76,74,74
196,89,54,34,57
179,70,74,60,76
190,98,73,67,76
190,79,69,72,73
180,75,75,70,75
183,71,75,74,74
175,70,91,70,75
169,67,79,69,73
171,64,75,69,78
191,87,50,45,54
178,65,70,71,72
188,79,56,48,61
172,73,85,62,74
188,76,66,46,59
190,88,41,48,51
182,73,66,64,74
186,76,70,49,57
173,74,75,39,70
180,70,74,35,62
161,66,80,65,76
190,88,72,72,75
188,80,55,42,60
168,66,81,66,72
190,83,59,72,68
171,70,82,49,69
172,65,74,73,76
185,75,56,59,70
188,80,72,70,74
188,89,54,37,58
191,75,58,55,59
174,71,61,61,74
183,80,72,54,64
179,58,77,63,77
190,90,70,71,76
174,68,89,65,75
190,89,75,68,77
190,78,77,68,76
171,67,74,72,75
183,77,74,41,53
180,72,76,75,71
180,78,86,68,73
188,81,71,74,67
194,92,70,72,74
193,89,30,35,50
178,69,81,55,73
177,77,74,39,68
168,69,76,70,73
193,81,73,69,75
186,80,56,70,67
191,88,72,69,73
199,90,74,72,74
172,66,69,46,67
187,75,62,79,68
177,71,79,74,76
177,73,69,67,72
190,85,47,46,49
175,76,62,74,72
177,80,68,61,68
175,72,90,65,72
177,76,77,48,69
191,90,52,41,47
184,75,76,35,64
186,70,71,73,73
177,75,88,58,76
193,80,73,72,75
182,79,54,37,64
200,101,50,70,63
185,73,70,71,74
183,82,76,73,75
192,88,73,70,75
193,86,77,72,67
174,71,86,55,77
175,71,75,60,78
183,81,85,70,79
178,69,63,35,68
186,82,57,33,55
173,71,88,67,77
196,92,72,73,70
193,92,52,33,50
173,70,71,61,73
182,79,70,74,72
199,85,52,32,52
183,77,72,54,67
189,90,52,41,63
187,77,55,67,68
175,75,83,72,71
188,77,66,42,61
173,70,91,68,75
186,80,87,71,72
176,75,88,74,77
178,71,73,76,74
173,68,80,66,76
184,84,56,53,67
165,68,84,68,77
181,74,91,73,75
186,75,66,49,69
176,69,72,43,71
185,79,78,39,62
170,64,84,54,71
187,81,49,74,68
186,85,72,73,73
176,79,69,68,77
188,81,75,72,78
188,85,48,33,59
183,70,81,57,70
178,71,81,42,71
186,76,78,64,70
185,84,71,63,69
186,79,63,63,73
175,64,85,43,71
184,78,80,73,76
178,69,71,62,72
194,85,74,72,76
179,76,64,53,63
186,81,74,71,72
191,72,64,29,59
196,83,70,70,67
186,80,65,77,73
185,76,73,73,71
175,71,79,55,71
174,77,81,62,75
178,81,75,72,75
184,78,78,71,73
175,76,77,65,75
192,86,37,60,58
180,82,50,49,68
192,80,47,37,56
177,72,74,62,71
175,75,79,63,74
183,78,67,52,66
179,77,77,75,74
179,69,59,66,73
177,72,59,67,77
180,75,74,75,73
185,85,68,65,68
193,82,58,47,57
170,67,78,62,78
174,60,85,50,73
172,75,73,65,75
175,66,73,65,75
180,81,66,36,54
175,65,83,65,78
188,81,74,69,75
170,61,67,66,75
189,78,60,41,53
176,73,79,34,70
178,75,85,72,76
190,83,74,61,70
192,78,37,77,71
180,73,68,67,73
182,87,71,72,69
187,76,72,64,73
180,75,85,56,70
184,75,74,75,71
179,77,51,75,64
178,65,79,75,72
187,78,54,71,78
171,64,81,69,74
182,75,81,63,68
184,75,72,72,73
185,75,87,60,74
176,77,79,70,76
177,80,73,48,69
186,86,63,75,69
179,74,81,67,74
188,88,74,73,72
180,74,70,71,73
188,75,73,74,76
166,70,82,66,79
190,83,33,30,53
187,90,59,66,71
179,72,52,70,75
183,75,83,57,69
188,74,72,71,76
182,76,74,68,75
174,70,75,46,73
186,86,67,36,65
181,75,65,59,69
192,84,73,71,74
184,75,76,71,74
184,83,73,38,67
174,68,75,58,77
177,74,73,69,77
173,63,87,56,69
182,72,76,71,75
178,68,83,51,71
187,82,75,70,79
181,75,65,73,72
194,80,75,72,73
190,85,65,59,61
177,70,74,70,73
184,83,76,44,69
173,68,69,68,72
185,84,71,74,72
181,72,73,71,73
179,68,77,56,72
186,80,70,61,70
188,79,73,75,72
178,73,73,67,71
189,83,78,73,66
186,81,52,41,54
185,78,60,53,67
198,94,73,70,77
177,72,72,62,77
183,75,64,50,64
177,69,78,45,62
179,71,71,72,75
176,68,93,68,73
183,77,85,70,73
183,78,85,69,71
183,75,66,68,79
187,73,83,74,72
185,86,74,73,75
176,70,72,62,78
189,78,55,39,58
176,71,70,67,82
192,88,75,74,62
180,73,70,62,70
182,74,81,65,77
185,81,68,37,61
184,78,73,75,71
184,74,65,46,61
178,83,79,74,69
177,85,76,73,73
178,71,74,70,74
175,77,78,68,75
180,73,81,71,75
172,65,74,67,77
170,65,79,67,76
186,86,67,73,67
176,71,65,49,69
186,78,46,68,70
186,80,50,63,70
193,90,74,72,75
190,78,72,58,69
189,80,57,32,51
183,81,65,55,70
180,76,61,75,77
172,69,79,63,76
175,72,67,56,69
166,62,88,69,72
184,77,75,71,74
186,75,52,61,69
186,79,83,34,67
187,82,68,24,52
192,84,41,32,54
180,75,71,51,73
191,85,51,39,54
187,85,70,70,75
182,75,76,54,67
179,71,79,57,76
178,72,72,57,71
187,80,71,35,59
186,76,55,37,54
176,77,57,67,67
185,82,66,37,59
188,85,79,73,73
185,80,67,70,63
173,64,73,65,75
178,72,69,63,70
183,82,79,42,69
176,72,82,63,73
192,81,72,57,67
174,71,89,68,74
186,81,83,71,71
175,62,70,57,74
184,81,61,57,73
186,79,86,67,72
180,81,78,60,69
186,83,68,76,68
188,82,67,72,70
173,63,90,67,78
188,87,74,70,74
189,79,64,37,56
181,72,68,63,74
175,68,56,64,75
180,77,75,74,69
186,76,59,43,61
185,79,75,72,72
184,76,79,63,65
177,70,78,65,74
183,77,83,50,70
173,75,84,55,71
188,83,60,33,56
174,67,74,69,73
177,65,80,72,76
178,70,69,72,69
180,79,89,69,71
185,83,52,37,62
189,82,59,71,66
193,91,80,67,70
184,74,62,63,72
179,73,65,39,66
184,86,71,47,64
178,83,90,67,73
195,90,70,72,72
177,83,73,72,73
181,71,53,66,69
177,74,58,63,72
179,74,68,68,74
185,80,58,41,58
178,67,76,71,74
173,71,61,46,67
174,75,77,41,67
177,71,82,70,73
171,71,76,63,76
193,77,66,39,57
180,77,66,73,72
178,72,74,63,75
180,74,90,59,70
177,74,86,69,74
179,72,76,59,76
188,83,67,71,74
165,66,85,69,76
180,72,63,68,72
187,81,78,57,70
185,83,71,65,71
180,77,62,46,57
177,74,79,45,72
183,76,69,71,72
177,74,84,62,74
166,65,71,72,77
183,71,76,52,65
191,80,73,47,65
178,75,73,53,73
188,80,71,68,76
188,82,55,67,68
196,77,73,70,74
180,67,87,41,63
181,79,87,68,75
190,78,69,71,69
185,82,72,71,71
183,86,70,59,69
178,77,63,55,71
187,73,61,71,67
183,79,66,30,61
188,80,36,65,64
186,83,74,68,73
188,84,39,56,58
186,84,64,58,68
180,76,79,65,71
175,67,72,61,76
172,70,92,69,72
173,65,82,67,77
182,74,59,57,62
198,97,73,71,74
180,79,65,61,70
178,80,75,71,73
181,78,76,55,68
178,74,71,60,69
181,77,79,69,75
170,87,47,51,65
189,82,72,68,74
183,69,92,62,74
187,83,64,36,58
181,69,80,69,70
174,70,94,61,73
200,79,39,28,58
175,66,71,69,75
193,84,48,26,57
184,81,60,69,70
177,70,84,59,72
180,75,52,49,71
184,80,76,43,70
186,80,62,39,53
177,62,73,60,69
186,76,59,73,73
170,62,86,66,73
188,85,77,64,77
188,84,56,55,60
198,83,52,24,50
178,71,85,66,75
180,75,60,39,66
189,95,52,51,48
168,61,79,61,80
185,77,68,56,68
181,73,68,68,74
187,82,57,51,61
190,80,87,69,73
186,80,60,69,77
176,75,75,72,74
175,79,85,71,74
188,82,57,56,65
174,70,77,58,69
181,79,72,66,75
183,77,77,62,75
171,65,73,67,75
185,82,61,59,71
178,72,87,56,69
167,70,75,49,66
174,74,86,63,78
189,80,65,33,47
174,74,74,69,77
183,75,54,31,58
191,102,74,66,74
187,83,52,65,70
183,76,64,58,54
186,82,73,56,60
177,86,85,61,73
174,69,60,77,72
188,68,68,52,73
171,66,83,69,72
182,77,61,36,69
185,68,73,68,73
188,79,73,50,67
172,66,77,57,72
180,73,65,75,70
182,70,85,51,71
182,80,87,68,71
183,79,69,75,69
180,75,80,53,70
177,74,66,67,69
178,78,83,65,77
184,73,86,69,73
177,69,68,72,76
167,73,64,55,61
178,70,70,70,70
174,69,80,64,71
174,67,73,58,75
182,81,67,54,67
175,75,67,61,69
174,66,74,63,74
169,69,83,58,71
183,79,73,48,71
178,74,75,68,75
185,72,58,51,63
178,76,88,71,75
173,65,73,67,75
170,67,46,73,75
179,72,82,62,70
185,81,76,70,69
182,76,66,68,74
181,71,75,65,70
183,74,62,65,73
188,78,37,33,59
191,82,69,69,72
180,78,77,72,74
188,87,70,70,72
198,86,66,72,77
180,74,82,70,73
180,66,82,68,76
191,81,71,67,73
191,96,43,32,49
178,70,74,53,73
185,77,50,44,41
188,83,71,63,75
185,72,65,32,56
173,74,76,67,75
189,93,72,67,74
185,73,73,68,74
181,74,71,66,76
176,70,73,62,77
186,84,51,49,50
178,75,78,62,75
183,86,54,78,67
175,74,77,64,77
181,73,68,33,58
177,70,84,64,73
185,78,71,33,62
196,90,68,45,66
177,72,87,53,67
189,73,71,70,71
180,76,70,42,66
180,79,51,69,68
169,60,64,69,73
193,79,72,69,75
182,78,70,47,62
183,72,75,63,75
188,76,69,30,54
185,79,73,69,75
190,87,45,30,43
182,70,71,55,68
180,74,66,67,72
182,72,66,69,72
183,76,73,64,72
174,68,62,52,61
187,80,59,73,67
175,68,84,68,76
173,68,91,73,70
184,70,72,64,73
189,81,61,35,59
173,71,76,72,73
176,69,71,63,67
183,77,45,50,67
178,75,90,69,76
180,69,69,64,73
168,62,73,62,75
185,83,46,49,59
170,63,78,44,71
193,89,71,70,76
186,70,82,61,80
183,75,64,63,73
174,68,37,69,75
188,83,61,46,54
196,88,73,67,77
180,62,55,68,69
178,76,66,69,72
181,75,69,58,73
177,76,64,41,66
184,76,62,71,73
175,70,79,44,69
180,72,72,70,73
196,93,75,68,75
184,78,71,67,72
182,73,39,37,61
178,70,74,62,74
176,70,78,66,67
178,79,78,64,69
188,80,52,58,66
183,75,64,63,67
186,79,64,58,63
187,86,54,76,66
190,78,48,53,56
177,78,60,59,71
172,66,93,59,74
184,78,76,66,75
192,80,37,65,63
177,70,66,70,75
191,85,55,37,60
187,84,59,69,71
172,70,70,73,71
187,77,71,39,64
180,70,80,63,71
181,82,46,41,53
177,93,66,71,70
183,78,74,68,73
168,74,78,71,74
190,83,52,30,53
181,76,73,71,74
184,80,80,71,69
189,78,70,70,71
178,72,64,65,71
183,79,62,76,67
174,73,79,64,78
185,73,76,70,69
194,90,73,69,75
176,67,76,69,76
180,80,70,63,67
170,74,81,68,72
185,76,71,37,64
174,67,74,67,69
170,66,79,65,75
180,73,85,50,69
173,73,81,64,73
173,66,57,70,74
189,82,76,65,78
177,70,71,53,68
188,87,31,63,49
182,79,75,57,70
190,80,51,36,52
184,75,54,61,62
175,69,63,56,66
180,73,67,66,74
170,68,73,40,64
171,69,78,54,70
186,81,65,43,65
191,85,68,28,49
179,66,84,69,73
168,58,81,71,76
174,69,75,76,75
175,68,78,71,71
170,60,84,51,71
185,82,68,73,71
184,83,50,57,66
185,85,78,58,62
189,87,69,43,57
181,71,80,67,71
162,61,85,66,75
180,75,53,64,70
183,84,66,71,73
180,67,67,72,73
179,82,59,60,64
194,88,72,71,73
180,74,78,52,72
180,76,82,69,75
174,79,76,72,76
192,83,74,71,75
170,64,73,69,77
176,72,86,60,73
193,93,41,28,53
180,75,57,68,77
187,77,73,71,75
176,69,76,68,74
187,91,53,74,66
192,85,35,34,52
180,76,76,29,64
192,79,64,40,62
179,81,74,28,64
189,87,74,67,74
180,67,69,41,61
174,74,63,72,72
187,76,68,60,68
185,88,35,51,54
184,69,76,74,64
184,81,80,62,69
182,71,83,71,72
193,89,73,71,68
185,71,74,72,69
189,87,75,66,75
165,69,82,68,72
185,73,79,68,75
193,90,70,68,75
172,69,62,68,71
178,70,66,66,70
190,82,52,41,51
182,81,70,56,66
183,72,74,57,69
189,87,73,70,74
176,68,74,68,74
172,70,68,65,72
175,68,66,61,70
173,73,73,43,65
188,77,66,55,60
174,71,85,63,77
175,68,75,67,73
185,78,75,72,68
185,80,59,34,54
188,72,61,44,63
178,76,66,42,62
172,70,77,55,80
177,68,88,63,73
179,74,70,65,73
180,78,64,69,72
181,72,74,54,71
177,78,85,64,75
175,62,81,65,74
184,73,64,63,69
171,63,93,66,74
173,71,70,70,75
190,87,53,51,47
184,80,54,70,75
185,84,73,49,68
193,87,67,33,54
170,73,78,64,74
179,74,75,72,72
180,71,57,70,68
172,65,82,65,74
174,81,72,71,70
183,80,74,49,56
178,75,75,68,72
178,70,68,54,73
186,76,59,50,62
189,84,63,72,72
184,81,72,73,65
178,72,74,67,73
179,69,82,63,77
174,71,80,30,68
176,74,88,50,72
189,75,66,44,64
183,77,59,34,66
182,74,86,70,74
178,69,78,55,64
179,76,75,72,77
188,82,72,72,68
184,80,49,58,70
177,71,56,69,70
177,75,54,66,71
177,71,71,58,73
176,81,68,67,75
168,65,80,60,78
168,60,75,65,77
176,75,71,65,72
178,70,88,60,75
188,85,37,28,52
175,75,66,70,65
188,77,74,68,71
170,67,66,68,76
185,81,66,60,65
188,85,47,30,53
186,84,51,73,70
187,78,71,69,77
182,80,66,68,71
189,78,65,67,70
179,77,67,67,69
170,65,89,64,74
169,62,73,64,75
188,82,82,33,53
176,76,48,46,64
180,73,61,73,70
174,62,81,59,71
178,74,67,48,71
176,68,82,63,73
171,66,75,69,75
182,81,64,58,76
177,75,70,72,68
180,73,55,69,69
188,75,75,72,68
183,79,72,70,71
180,79,68,45,67
183,68,79,64,73
187,78,55,45,65
192,88,32,45,46
175,74,56,68,76
187,82,76,61,60
174,73,80,62,70
184,70,48,63,67
183,80,84,70,69
187,90,68,50,59
185,78,68,52,64
173,69,77,70,73
185,85,66,59,63
185,77,60,39,65
185,81,69,39,64
184,69,64,69,74
179,72,80,66,73
191,89,72,68,75
178,68,76,67,72
176,70,71,65,73
184,83,69,71,71
176,75,71,52,69
173,62,75,68,74
175,69,79,44,71
193,88,58,29,57
173,66,77,63,79
191,91,51,71,61
172,67,81,68,73
192,88,72,70,71
174,68,75,69,74
168,61,85,63,74
178,73,60,65,72
182,78,75,71,69
174,73,82,68,75
178,68,68,65,73
179,68,77,72,70
188,74,43,29,43
178,70,79,52,71
182,80,67,63,68
178,77,81,42,67
170,65,73,69,75
191,80,63,35,63
170,68,72,49,71
197,81,72,71,74
185,79,66,71,67
182,78,84,58,64
193,88,73,70,72
175,70,77,52,72
166,60,69,54,73
169,64,82,77,73
194,86,55,40,53
179,71,76,68,76
185,72,65,73,69
187,77,74,66,76
176,69,70,64,72
186,78,64,74,70
186,78,72,38,59
187,82,55,75,70
175,62,88,66,76
187,81,77,73,71
188,84,84,54,65
173,67,91,70,76
191,85,73,71,74
189,81,67,62,73
166,66,73,69,76
173,71,75,69,71
182,76,67,72,71
184,76,76,47,70
175,70,83,60,71
185,85,86,68,69
180,76,77,65,72
189,78,88,57,69
183,75,74,36,69
183,65,67,72,72
178,70,74,53,74
179,64,71,62,73
186,89,31,27,49
183,80,69,48,64
176,72,68,58,75
197,89,70,70,72
177,76,68,69,71
184,77,72,68,74
190,83,35,37,53
179,73,57,61,73
197,82,70,73,70
188,78,70,70,72
181,74,75,52,67
183,79,66,62,70
175,74,80,46,73
192,94,67,71,68
184,80,69,71,72
191,90,46,62,65
187,75,65,72,71
180,79,72,71,73
188,85,63,69,64
190,73,72,70,74
177,72,64,65,71
195,84,78,34,63
191,81,57,41,60
192,78,65,37,58
184,78,66,72,67
190,88,64,70,66
190,80,66,29,46
180,70,76,60,78
175,67,68,62,70
175,70,91,48,67
173,67,92,72,76
192,74,33,32,49
175,70,55,74,65
187,91,74,69,75
190,85,52,62,69
178,73,66,72,75
188,70,78,71,60
177,69,68,57,67
188,74,88,73,69
187,83,73,71,72
170,66,61,55,73
183,76,59,35,56
174,74,81,71,75
191,77,37,44,61
180,70,76,39,69
188,82,64,68,71
174,68,64,44,65
188,87,55,53,58
171,66,89,67,74
178,75,80,62,73
178,73,62,53,74
172,67,90,73,75
179,78,75,66,71
177,77,65,55,70
172,74,74,52,73
191,88,35,47,51
178,68,78,71,70
191,82,73,72,68
180,65,77,70,74
192,88,53,35,53
188,77,75,58,74
176,71,67,66,71
185,78,76,52,71
178,78,63,71,70
180,75,70,59,69
180,69,78,66,73
178,73,67,50,66
183,79,56,46,51
175,72,71,68,73
186,78,69,36,67
169,61,63,64,75
173,67,74,46,76
191,91,67,35,49
168,64,67,68,72
191,90,79,71,67
183,88,49,78,71
181,64,86,68,74
171,70,75,61,74
185,82,45,34,58
187,86,75,71,73
186,77,44,62,69
178,68,87,62,74
185,86,35,39,51
193,77,81,70,70
188,77,67,53,68
171,74,74,66,75
175,75,67,60,69
172,67,79,71,75
183,76,53,50,55
180,72,74,65,72
175,67,63,69,77
175,75,80,72,71
189,85,70,35,47
189,85,56,53,50
190,68,85,72,71
186,82,75,72,70
181,69,67,73,72
187,86,71,69,73
170,62,76,46,70
176,69,88,69,75
189,75,73,71,72
180,74,70,40,69
191,85,36,44,56
172,63,73,64,73
184,81,73,68,73
185,78,66,46,55
190,82,48,40,49
185,76,71,73,72
195,71,71,70,71
175,68,80,53,70
187,77,64,32,56
186,82,69,71,68
190,82,52,46,56
178,80,58,73,75
186,75,49,41,54
179,74,52,58,65
175,73,82,70,73
187,79,64,51,65
183,81,74,74,70
170,65,77,66,78
186,77,62,30,55
181,72,66,72,74
178,71,66,66,71
176,75,74,54,67
177,74,66,68,71
180,92,53,76,67
184,79,58,69,66
190,80,73,70,74
186,78,47,42,60
185,76,75,74,75
180,84,70,55,66
176,73,82,73,75
186,76,54,48,66
175,68,81,62,76
180,82,87,69,77
172,64,70,73,71
181,76,68,60,66
175,71,77,69,74
173,68,88,60,72
174,78,75,73,73
177,73,76,65,72
182,80,76,67,74
178,76,76,76,75
180,69,72,71,71
185,80,69,30,61
182,78,58,64,71
179,77,65,70,73
189,84,60,27,54
176,66,72,26,67
182,80,70,70,72
168,62,64,61,72
180,65,86,60,68
188,74,61,33,55
180,75,84,70,67
183,80,80,71,73
184,81,75,67,73
184,75,85,59,73
185,81,71,69,74
176,69,69,66,72
174,65,84,69,74
193,75,70,67,75
191,78,69,41,48
182,77,71,72,66
181,81,64,73,71
185,78,71,71,69
186,83,61,52,57
182,70,77,69,74
191,80,72,74,70
187,86,82,69,67
189,82,55,30,54
176,75,66,61,73
190,80,34,27,46
181,68,67,35,57
187,75,67,64,64
183,87,53,40,69
186,89,75,68,73
193,84,57,27,60
175,69,82,63,73
181,76,80,64,71
173,72,67,60,71
169,75,83,63,73
189,92,61,72,73
183,77,52,72,71
177,69,67,66,70
174,65,79,64,77
173,67,63,61,76
176,74,77,71,74
178,75,79,70,74
170,68,86,67,75
191,78,82,69,68
185,78,55,64,72
182,73,64,55,64
196,91,76,33,52
170,64,76,58,77
175,65,53,67,68
178,65,70,50,69
185,80,46,72,70
182,78,72,53,70
178,74,77,70,70
192,81,71,70,72
185,76,61,34,53
189,75,65,37,60
187,74,54,51,57
183,72,77,34,66
180,76,73,69,74
184,80,79,69,74
184,62,51,61,67
185,76,72,28,61
194,86,66,71,70
175,70,68,61,67
191,91,37,34,57
184,84,62,63,67
188,86,59,58,58
185,80,72,56,68
179,74,72,52,66
184,70,64,58,70
181,75,72,71,72
184,78,66,39,54
191,82,73,57,56
180,74,55,61,67
191,82,61,33,51
171,73,80,67,75
172,75,73,58,73
188,86,70,68,72
181,79,55,73,65
182,80,89,50,67
185,79,62,41,57
171,64,72,69,71
188,87,62,71,67
186,81,71,70,72
188,74,60,63,80
194,85,32,38,38
197,95,46,43,58
183,82,32,55,65
168,72,57,69,70
189,77,70,73,71
180,78,65,47,66
186,77,78,50,65
188,85,68,51,61
185,75,70,69,72
175,67,67,52,66
181,75,74,43,66
175,72,71,70,72
187,83,83,68,70
180,71,64,63,66
173,72,72,65,70
187,82,72,67,72
192,84,47,75,70
188,84,42,43,53
178,74,73,44,66
172,62,77,63,74
175,68,92,68,74
178,70,73,58,72
184,83,59,57,64
185,86,66,74,64
185,82,63,50,65
183,81,55,65,70
180,72,89,29,71
177,69,67,60,69
182,72,73,65,75
180,77,81,69,73
186,78,76,72,72
179,69,72,50,62
188,84,62,68,66
172,71,73,70,76
180,77,54,68,68
185,75,87,66,71
183,74,71,54,65
189,80,56,59,60
188,83,73,67,74
177,71,74,70,73
183,74,73,45,68
183,77,59,58,67
183,79,77,58,65
186,81,69,67,72
180,76,77,55,69
180,71,82,63,73
180,80,67,68,75
190,90,71,67,73
194,84,65,43,62
184,79,67,59,71
177,83,80,60,65
190,88,48,37,49
185,81,75,44,59
181,82,82,65,72
175,70,68,58,73
172,75,71,72,73
191,81,73,35,46
185,74,70,68,71
180,76,72,34,67
180,72,72,73,71
187,81,43,60,68
186,73,82,29,57
178,76,63,61,68
198,91,55,71,63
176,74,56,63,70
187,81,57,51,57
174,78,69,56,74
169,73,75,69,75
172,64,77,65,78
183,73,77,67,73
192,80,67,67,68
175,66,85,63,70
187,78,31,43,60
178,72,70,64,75
191,93,33,74,62
178,77,70,54,60
177,72,86,56,69
180,75,83,64,70
184,84,75,70,70
187,81,78,46,66
183,79,77,68,67
185,87,74,46,64
172,66,86,68,71
190,82,76,69,70
176,67,83,64,74
185,75,81,55,68
190,86,48,72,67
184,73,76,60,68
184,80,68,43,58
182,71,74,41,68
180,77,72,72,70
182,75,41,44,46
190,87,76,70,67
186,76,76,42,62
173,72,74,65,74
176,75,62,62,68
185,78,67,55,66
182,72,71,66,70
180,72,66,33,61
178,70,78,68,71
190,86,66,71,66
185,79,72,65,75
183,87,61,74,70
183,76,75,70,73
183,79,86,69,73
190,81,36,52,64
201,83,66,72,63
186,77,76,69,73
193,84,69,29,52
186,80,47,49,63
195,91,61,77,73
190,75,71,66,76
187,81,68,51,64
179,74,66,40,70
190,85,67,72,65
187,88,86,64,68
167,55,87,65,75
180,77,75,72,70
176,69,77,57,64
167,62,76,67,76
184,80,53,33,56
190,85,64,43,53
178,70,85,43,70
185,74,73,65,73
180,80,43,69,69
175,67,88,48,69
173,71,70,60,71
190,80,35,32,52
168,63,71,59,74
174,72,63,60,68
177,66,77,69,72
176,73,62,65,75
180,79,75,45,71
185,78,82,49,69
184,75,68,62,73
187,76,70,69,72
187,85,55,67,65
178,74,72,63,73
189,80,59,54,55
178,72,79,71,74
183,80,68,48,64
195,83,78,66,76
183,78,76,58,67
189,85,68,47,55
182,74,81,64,72
168,72,83,65,73
182,75,72,70,73
172,76,66,55,66
185,78,60,45,61
188,74,66,70,69
183,75,63,51,61
181,78,77,67,76
185,74,72,53,64
175,70,63,71,71
187,77,67,65,70
192,80,70,69,71
180,74,64,72,71
183,74,87,66,75
180,81,70,68,68
170,66,76,66,75
190,80,54,37,49
183,73,81,50,69
175,70,80,36,70
186,77,71,54,71
182,78,70,59,71
183,88,73,26,55
181,71,81,65,71
183,78,77,72,68
188,80,59,51,53
184,73,57,68,70
178,70,81,33,69
178,79,68,61,65
191,77,68,71,62
186,76,59,69,72
175,75,75,57,67
169,62,76,54,77
188,83,68,41,67
179,75,71,72,73
174,73,69,63,72
179,68,89,65,72
183,73,80,67,73
193,83,76,48,62
194,85,67,72,61
185,78,60,36,51
191,83,64,37,65
178,70,74,65,73
192,84,53,57,60
185,82,79,72,64
176,74,74,42,59
184,87,72,70,67
193,83,51,72,63
189,75,72,63,70
177,78,72,70,71
181,72,62,47,66
178,72,70,63,70
175,70,89,43,67
187,80,64,23,42
186,72,72,69,77
185,83,66,34,59
183,73,36,53,66
181,81,72,71,71
179,73,71,66,76
177,73,84,60,71
188,78,70,58,66
189,90,61,44,59
183,79,76,70,71
183,76,65,41,48
175,72,49,68,73
185,79,62,68,71
191,84,73,38,62
167,68,88,64,74
184,70,67,63,72
177,78,74,64,72
185,77,69,72,71
180,85,69,52,69
181,70,85,57,72
178,72,78,44,65
178,84,77,70,72
172,69,82,63,71
177,76,85,64,73
191,91,54,30,53
185,79,48,47,53
184,84,67,68,69
183,79,71,70,72
182,77,74,70,70
179,73,91,65,77
178,76,69,69,73
190,78,65,72,67
187,80,65,58,67
188,84,69,69,72
185,80,64,58,70
175,70,72,58,66
190,84,63,50,61
193,84,71,72,72
190,84,46,33,55
190,90,84,46,67
193,87,51,28,53
187,79,72,71,73
178,65,84,55,74
179,72,71,43,62
197,83,41,48,41
178,72,90,71,72
188,77,55,36,51
181,79,88,68,73
178,76,82,68,72
191,92,61,32,43
181,74,66,57,71
192,82,67,69,63
182,78,63,66,70
193,80,72,68,73
190,90,52,42,51
174,70,79,67,73
180,73,75,64,67
183,79,84,67,76
184,80,41,75,72
184,76,69,74,72
181,85,88,52,69
180,75,65,72,69
169,70,89,67,74
186,79,57,48,56
196,98,53,70,62
174,68,77,72,73
195,89,72,72,71
191,77,69,71,69
173,68,70,68,73
185,81,61,55,66
174,72,84,52,73
190,76,60,39,51
184,84,64,32,56
189,85,41,51,56
186,84,67,46,65
186,75,41,50,66
177,68,89,46,69
184,78,38,52,62
173,66,76,63,75
185,83,57,32,62
183,84,72,50,71
191,92,36,74,65
184,77,69,59,66
187,77,67,65,72
168,60,82,56,74
175,72,64,54,63
175,63,65,56,74
177,67,50,56,65
173,74,81,49,70
175,72,74,66,69
176,79,83,70,74
188,77,65,31,63
181,72,65,45,67
197,94,57,73,64
175,71,66,59,73
177,75,91,53,78
185,84,72,72,64
183,80,62,56,63
194,78,60,34,64
191,84,70,69,74
188,81,71,72,73
175,75,65,68,74
